"YEAR","HUAN"
2016.0,0.033846153846153845
2017.0,-0.05341002465078061
2018.0,-0.1389786683904331
2019.0,-0.9993751301812123
