"YEAR","TONG"
2017.0,5.857142857142857
2018.0,0.15625
2019.0,-0.9988738738738738
