"YEAR","SUM(*)"
2016.0,4.1055567890000015E7
2017.0,1.823951078800001E8
2018.0,6.211822191600003E8
2019.0,9.926516017000002E7
